method,size50,size75,size100,size125,size150,size175,size200,size225,size250,size275,size300
robbins,0.0754400760332751,0.31164138014729614,0.21258051366979033,0.056454027745627314,0.11181792724811046,0.1749306901435112,0.15562748373106466,0.1371693973705853,0.13224693565988882,0.06116393289721561,0.1524554716676164
npmle,0.06383060530281438,0.14102510659779796,0.1640782498161498,0.04320317075549604,0.14125101988927768,0.15130761795478412,0.13238224330981307,0.13237317893876682,0.07440179292724153,0.017580183337235402,0.14592188647815216
sqH,0.08024871248349084,0.07723074471978468,0.09030785071307083,0.05685873202749335,0.03940252404995046,0.13748703368238366,0.1004642511100617,0.14166975447881222,0.06615071057163882,0.023943532412707382,0.1341125347004253
chisq,0.056476873419209636,0.07671341171246088,0.09876885380515557,0.03145363052785327,0.022828677804361305,0.14116965576723223,0.10950180494377637,0.1392550028691638,0.0404307106911092,0.013600350369800916,0.13463310628577937
robbins,0.11877507432051156,0.13382174497590182,0.15973736569671296,0.13394312326691807,0.2349005193354466,0.14861701743791153,0.06478288522988444,0.12490625855004013,0.24409949489509322,0.20304417053601428,0.10525491782036664
npmle,0.11783918322860407,0.12367982823689261,0.10607763718251409,0.0866699114444795,0.15828204094851817,0.1318233180655445,0.03691158316399384,0.10293491158409769,0.07348955455698414,0.08964355756564689,0.07968887084230705
sqH,0.06650292992337847,0.08075067365001504,0.12273911721262992,0.09063071801023292,0.133200641577946,0.09845689418883082,0.05445205969794735,0.104502857280644,0.08700076676363534,0.09066308205742762,0.05971819084574091
chisq,0.07210241211029816,0.08779558898180916,0.09200527699893843,0.0774215130640123,0.13632116299136393,0.1007189333861387,0.05495013597786388,0.09547538053470281,0.05373118995590766,0.0729624234754103,0.08141387079179646
robbins,0.07398536078668595,0.3183669619153979,0.27070084988086957,0.1009085741554938,0.07309933332924336,0.08654203282678076,0.08746244751425554,0.1699370678684797,0.07182263912754631,0.06334576143026006,0.06562811969458285
npmle,0.05366721431741595,0.13613586603957062,0.15558875247490025,0.17640435044603184,0.0723337877610162,0.08477617078408428,0.07387569766408486,0.12176448891138363,0.05513613314913541,0.05789885408033181,0.07555966172447671
sqH,0.06183592442912756,0.1516899235117391,0.10140148956219436,0.06247100499320849,0.0874259157005533,0.09889730360213983,0.08824026296532463,0.08763378816763882,0.05945122246022963,0.061057386432912114,0.04183341376585983
chisq,0.0633633113476691,0.11690193648365467,0.06650474869979289,0.19453786269152265,0.06493866287435825,0.07831384385387728,0.06724290637983152,0.0644245288777997,0.052882677699086375,0.05662371153207996,0.08009025317100504
robbins,0.2824719056448549,0.13394045631931978,0.1263921202846742,0.23596062346460256,0.22716855491246984,0.20358080971351594,0.09566745357419953,0.10132651669159795,0.10721975928078767,0.08258401982648242,0.1771723579385982
npmle,0.03209057726791782,0.11076253125026478,0.09342239429784906,0.10875769010089842,0.11369138626799911,0.08131218328267849,0.10209067266914927,0.09179904680757267,0.08260889953865116,0.08330041808325289,0.07841617358519849
sqH,0.024489130081954653,0.11582070102566352,0.08395347327774941,0.12910216015954945,0.13560518007814923,0.09589997372575415,0.11849272446141686,0.10245096112160787,0.09600535966071802,0.09722146652508665,0.08662582515210963
chisq,0.04717084500680019,0.1138084296526026,0.07394411392084238,0.09106621267520384,0.09782647867344532,0.06363956892418843,0.09429915135959385,0.10783213575580648,0.06358015168452749,0.07673860631395998,0.057301849599189554
robbins,0.09037208609909717,0.10827342990986594,0.1100672123981168,0.11705246289790806,0.17565281581138537,0.16190161031464312,0.03898096072267422,0.07920771395568642,0.07599881958983681,0.08838129413015357,0.09813271256805198
npmle,0.03137964785243867,0.08289885584670935,0.04176058045915232,0.1150730073525088,0.07567832090666994,0.15412932400358917,0.03261581274206072,0.08520140611074867,0.04336446491642329,0.0874206413553855,0.07430480009914037
sqH,0.040444860474445614,0.09115066622938063,0.049862993255877563,0.07030687822107343,0.07421524429544468,0.15225556581460492,0.02424777718458679,0.10088234317140739,0.051571270698173896,0.10074194774979162,0.06432034596319591
chisq,0.03018034992822494,0.09663288194137884,0.03049831336192423,0.07651911621247502,0.049442193515788574,0.15961316615339183,0.03486454342492237,0.075414818398176,0.031991836016524035,0.08993348502566559,0.03856042517562157
robbins,0.1422308093983624,0.2575297204929657,0.30599176569845504,0.14039028683302915,0.18118499999744683,0.14404742580945534,0.0998321705218666,0.13845629768753348,0.26254666323193543,0.17503428685039488,0.07493859564070283
npmle,0.12692607199104988,0.07183230012388377,0.1866121369577947,0.11343659953318072,0.05545513980160967,0.1319686699884499,0.08538297563855568,0.10135967934839632,0.1413534620851254,0.129456781752619,0.07136960323841332
sqH,0.09941675718625775,0.08691132656990899,0.07734337383802367,0.11886963651934973,0.06803376126916463,0.1052397176530452,0.1004754831629381,0.09987751980316772,0.15577461723997668,0.12871637764492144,0.07410730150323419
chisq,0.1092397643804632,0.053272034491469056,0.24110242772065596,0.12917359238797343,0.04183907481522744,0.10795319764090315,0.07782422434298925,0.0843530112838653,0.12303262635494633,0.10986464547755699,0.06941994335563177
robbins,0.07825080964052848,0.12412062581043733,0.08774712803476026,0.19641173239903792,0.120250028361662,0.1415325948358245,0.13809371850153215,0.06203331072578477,0.0772746588208602,0.11195504790724041,0.14250798496244363
npmle,0.09873309357826467,0.10966480460019219,0.06332382962287354,0.15444103189145297,0.11111937380204817,0.1335829629013257,0.12850416950674992,0.06173114348000319,0.07296815473342755,0.11051585901481609,0.0942782218261312
sqH,0.02184022753452748,0.12159995007865913,0.06593414162549421,0.13613937631904016,0.1283628556376972,0.1121820034485462,0.11835616726255399,0.07446349001264076,0.08610662458807807,0.06962539136641722,0.09561213046922391
chisq,0.08405408069086817,0.09750721719704707,0.04768817886089602,0.14880043649136848,0.10345205132046573,0.1155538745354975,0.11499331008231983,0.04700225866733909,0.06680443796656482,0.07598762097629223,0.0844577554728801
robbins,0.23714027001611623,0.09029160153951175,0.10034518685237043,0.09450146303985188,0.21570694994553685,0.09434966271140562,0.1270000524493188,0.10029259351002903,0.07561888478701152,0.12013982802151431,0.07596068261981573
npmle,0.1633365607713613,0.06403925073313334,0.10483423119822546,0.08837329536926015,0.16762953956089807,0.034350911928477244,0.08826501415023244,0.06183038665351204,0.052046194436321545,0.07973615193408316,0.06851114232224804
sqH,0.11594064132546776,0.08431583855693456,0.11702345782538082,0.1039200201661998,0.15279402009501936,0.05477373917318784,0.09120239217512481,0.07165466210047101,0.05123233807093284,0.06093059187770366,0.06778437322282642
chisq,0.1261002446857839,0.052184501885302124,0.09784929017594741,0.08035560374442213,0.16715616741434763,0.028356240283704873,0.08216622738540572,0.05029696093446744,0.04534229963025529,0.08098447871361314,0.06354614732150327
robbins,0.1789371827268515,0.10684214958616105,0.05807070948079463,0.12457846049293102,0.11625767269855046,0.20706659978877687,0.1740038673774729,0.1665590321317007,0.122685116195407,0.16951699249197338,0.16643006197179527
npmle,0.15610311523173076,0.09550271740766209,0.036991672102235994,0.09861374961238052,0.0771003698695634,0.07098451024692595,0.1463400649960815,0.12874326597209274,0.11484709282332735,0.13874708969786875,0.12287776220411281
sqH,0.13965223954529157,0.12074348893760178,0.04850308260184492,0.11174940314956688,0.07994504738262083,0.07661578800070566,0.1278937995699747,0.13169140567625878,0.09717694449810468,0.10775351986659225,0.12313035985186753
chisq,0.15538072299300554,0.08180456689776985,0.03166311414095306,0.08600064020451959,0.07065458206846446,0.05501598455564718,0.13132623068561178,0.11504307579148354,0.0999052667228288,0.10981150397503726,0.10367482404270066
robbins,0.08990449086288387,0.9308247004808751,0.11684667474975541,0.1339974150350038,0.12025002836166197,0.08842904601854372,0.07881489475922286,0.07231141120473407,0.10162625844682002,0.23241666193714577,0.1384799242464919
npmle,0.020836207507527873,0.16890083440367432,0.08985507095236649,0.11020443869036371,0.11112045823473676,0.09208254831124835,0.08621532800134309,0.07140968877512417,0.09568723518548661,0.15008539441134397,0.09244203836415542
sqH,0.04086917037237628,0.09849891012163703,0.10480494735007109,0.10929020163015564,0.12836287678537123,0.10833672761060871,0.0984987915406066,0.08411760561417446,0.11096469423054671,0.11055404750280902,0.09064395938884161
chisq,0.007322155371588741,0.2203624667679873,0.07915468322087642,0.12311771494258977,0.10345205131541269,0.08444646417328158,0.07546694319095851,0.06353044588484485,0.08886736189865141,0.10445310625486694,0.07837833002719535
robbins,0.14577522241834534,0.6336812936040801,0.0457067003057276,0.0776025418669379,0.03474611698473631,0.13936384949064048,0.1401378945038806,0.10922870531638236,0.10565887496176399,0.18972669826932206,0.1299436924403428
npmle,0.13347939207088566,0.14043824788340423,0.024891183566202763,0.06461669496674059,0.025156904325763497,0.1361421791886557,0.08099983602087182,0.03887987169133095,0.10183759046631266,0.12387293755947873,0.1156164764037252
sqH,0.0778206704060328,0.16116816056229874,0.03344836646623995,0.0783550666036377,0.0333733757246842,0.14584902325737667,0.0816556008344067,0.044456086789567105,0.10504344422971863,0.11118361130116004,0.11571418837589123
chisq,0.08416990110265882,0.11755596412014109,0.021496760523371794,0.05831827007380057,0.019997195083056366,0.1321294109167855,0.06429044772389919,0.03143315656579603,0.10188957753614705,0.09437598703508017,0.10704394929244662
robbins,0.15177192843952125,0.19464918458885144,0.9358645005565398,0.1166470039956147,0.17418574287510688,0.13772378051857714,0.22166767417068015,0.08463000514602448,0.12812390466264853,0.07920530285405063,0.10461779254058684
npmle,0.12693697967307396,0.1581194351081149,0.16685034090029874,0.08952187536613287,0.08963185865468441,0.09878694790767213,0.09972820628160975,0.09084027779552212,0.14633107349757943,0.07388843898513552,0.08451933535314012
sqH,0.12334874237236695,0.1414471109015191,0.1367072976399164,0.0720672173671395,0.09447152285293396,0.1008997496538914,0.10786461896557614,0.10333772624913481,0.042541999101856846,0.08549652972369477,0.09813327268598582
chisq,0.13868239308739969,0.15544177971598216,0.09542017391284435,0.06843210425706267,0.07797421748628305,0.08650838871439034,0.08381771820405336,0.08344793512133047,0.03584958215949972,0.04838513785822763,0.06392330317010979
robbins,0.21558225389539476,0.23801438872008365,0.12404087252229617,0.09310483810375192,0.1800083081713635,0.21110683338209,0.08280756844625793,0.09434596715984302,0.1329763119561356,0.07737087984709921,0.08837933039037213
npmle,0.023635404178477384,0.12145898434039772,0.10709412241985193,0.08817311865746526,0.1215504608450938,0.14988197611220305,0.0632704811705709,0.0867568632528696,0.11684807839038573,0.07231698302727284,0.09025599014492106
sqH,0.0549627891389724,0.1446643614114903,0.05519731188751766,0.08801917334942394,0.1404336846079201,0.12924309287634528,0.07794115849774295,0.09441578700068409,0.09535663225432885,0.07255012862218006,0.0653094525048786
chisq,0.018456771127722874,0.10531394476110192,0.11798804721684066,0.0823815744556078,0.10684679425349347,0.1315998472989196,0.056751007245803266,0.1007719888851455,0.0976124267226312,0.06874956900772738,0.10743258498395096
robbins,0.5868408074815291,0.15616534470694954,0.21359378993218364,0.39199790851658445,0.18143899673480832,0.04749509345765785,0.2736175446884674,0.10369869399321655,0.14385148109918044,0.11560148537652996,0.12068622022137913
npmle,0.029028971915987016,0.13831638667316395,0.15959044506088593,0.09333526210358341,0.14359714466466883,0.022106059936138393,0.16859220834859595,0.09540937782124027,0.13746504677710816,0.10907785706569335,0.12281927074479441
sqH,0.016007820513503784,0.12012438185794612,0.14719110704977975,0.11090028914193194,0.1018152977760464,0.029719569025902247,0.0770529726569919,0.10741808200872723,0.12560102228027353,0.10370675103364084,0.13154257672000294
chisq,0.04516350028047121,0.1335451343675434,0.1492714825098081,0.0676021816661535,0.11019644848883094,0.018557509482681433,0.12882196347373287,0.10815917145059072,0.13211230944698035,0.11002521528411152,0.12593091323691244
robbins,0.08110868733675689,0.2578105827097333,0.5070427249871264,0.17236999574351156,0.056405156144125425,0.09914426732428148,0.21359378993218364,0.14809572375121016,0.06089535161395891,0.061224833303143086,0.11621041828614131
npmle,0.05602674328351668,0.10211469859771768,0.13983918485174823,0.14403198435170358,0.040977028929785955,0.08787506853809687,0.15959045106472858,0.09385493045656186,0.0601030623898343,0.05277604835369919,0.10086855044015341
sqH,0.06644214434540795,0.11172731846321869,0.13052560438627808,0.12355846126553663,0.05304087531525877,0.08523406137308606,0.14719110701570093,0.09416907483755604,0.07253337876139604,0.050912633978961605,0.10253845638242129
chisq,0.03233945645979125,0.08763019024319309,0.09664505205096433,0.135783574263292,0.035134270183863364,0.045963291526474055,0.14927148348416938,0.07570167070250655,0.05330584059695396,0.046325361612266976,0.0965692077786922
robbins,0.1183555449990551,0.1903267410310872,0.09237732305769907,0.1491799822542481,0.12041356034819119,0.1030648828576066,0.07061625663926709,0.1033202853561664,0.31273439436169803,0.06039060932466366,0.06559510938546104
npmle,0.09462459955216598,0.14709996457838637,0.0990608211318855,0.13905454071231405,0.04616138154287384,0.09725751151917848,0.05017792025949408,0.09331778438148897,0.13750489857023915,0.03294326202763064,0.06763339625416272
sqH,0.09969250145608546,0.12324107129672711,0.11639270893338584,0.16002942816434826,0.04763261478938128,0.10449999038946077,0.054025468604208815,0.1089271462806711,0.06866120588788752,0.04506363036031494,0.07974836380224141
chisq,0.05522831786183234,0.134039239928172,0.09012023695236106,0.13021824464743528,0.03449015383631414,0.10866737708320867,0.04743886359703236,0.08621492450230352,0.15785235728997624,0.027561652120424534,0.06094994830901887
robbins,0.2528113443279508,0.13619831438978078,0.1401626378316768,0.13961093949126283,0.08965441277842025,0.18064864928273103,0.13839240161483538,0.12110200654099655,0.055286400571258935,0.17139977347650995,0.11418162846874821
npmle,0.005979497454144753,0.07664787390752856,0.10343564325678786,0.1193704336276293,0.050155882996078316,0.14285314424710757,0.1297042767260517,0.09637648757961385,0.05227304001231589,0.12305786273873787,0.11030482756233975
sqH,0.0136969036136601,0.07388131204613968,0.09025771975106885,0.12232452193415756,0.06020679249641043,0.1284489376040198,0.10312882974100472,0.09619156208822631,0.0648917287465051,0.12462579669148939,0.1110058435755366
chisq,0.016904892640231234,0.03481856412094026,0.08329588134625503,0.11269246162337287,0.04076847817512116,0.1264691338066585,0.10622267470289046,0.08426577635313176,0.03496113064463503,0.10392389645241588,0.11634483317270455
robbins,0.20071818812989295,0.450531869722201,0.07421117194244294,0.13632121088474414,0.11934335912918517,0.12495752105754722,0.20492179508966932,0.21748381995286967,0.1593879656936748,0.10715564217767425,0.03255469306839665
npmle,0.15087303826726892,0.06685144334371541,0.051709813376097806,0.13035403483355182,0.0782580508379005,0.12033154645132263,0.09161638581536709,0.10484852562259069,0.21384523960377663,0.06232203723587487,0.029405809053967485
sqH,0.1283006250602186,0.046023679737214565,0.06431997314249854,0.11028053298819958,0.07990967865653012,0.07245401312953305,0.10929605195290908,0.11165093012091051,0.18875197662446686,0.06457005126160717,0.030950124696499687
chisq,0.1393605369861952,0.018170699744578016,0.04475851293982373,0.11316476859386075,0.06714520746154681,0.07865804300923336,0.07554057832993193,0.09400000367625094,0.2118754270106922,0.05369370474629213,0.02838965804770803
robbins,0.1744871397767289,0.3100164924984417,0.23882500241612373,0.7112342153638516,0.17427504445211753,0.1290540355655558,0.16530529013230957,0.2510128355727298,0.07339753952904857,0.10378422552450753,0.10824275515486108
npmle,0.146137877649682,0.01763141583378986,0.08625967106296235,0.13856031486962722,0.12325330971968934,0.07134694530096908,0.05384897448626627,0.200603269121489,0.0797044676838083,0.08524816274517029,0.09695785325207278
sqH,0.08980294152415284,0.01634952199711939,0.09874668475022946,0.1765504298981686,0.12001661535623072,0.08082952271057744,0.058291794796949556,0.10712813513739612,0.09290721415233746,0.08808156361816469,0.11231634525534515
chisq,0.09713358143272088,0.03197141026175721,0.06384650232589349,0.11617854438319832,0.1054810531416391,0.05608899049918818,0.04333321441117302,0.1864997175788368,0.07215647848923999,0.053372775186459324,0.08910274278811268
robbins,0.049696816253989556,0.10163170020506666,0.13936941107070278,0.10010610146827714,0.04810671967662709,0.13512399169706912,0.17002184429820835,0.1123192956251523,0.07448901766860319,0.1393502588040419,0.07720358105758027
npmle,0.02852779248233829,0.09968607345662943,0.1124870085015682,0.07612217982943384,0.05075065251729124,0.06481596055954236,0.11856404398765996,0.12239370633822161,0.06208543996616264,0.12510342039794728,0.07275438186913424
sqH,0.03955046554515178,0.11642060952179456,0.11555469062225507,0.0865943408505945,0.060702962886963904,0.07258712553247534,0.12486097641542697,0.08028084653126165,0.05738453804775889,0.09016225931925728,0.0857743759512725
chisq,0.016384613976308623,0.09259175485174027,0.1306578273070652,0.07827661621493862,0.04069968243331792,0.05682700009455268,0.10185130119105139,0.04481154845377612,0.06434661269023081,0.09842218526773784,0.07780104703630569
robbins,0.08110868733675687,0.3169674297937262,0.17540410841445336,0.2021528114398408,0.15852161322428307,0.1255210632299939,0.21604207765569985,0.15351974016058875,0.14235765600205708,0.08619835736007404,0.1055449651561998
npmle,0.05602704938455865,0.15931344651918045,0.2524742766935397,0.12692095320347122,0.14094043025811928,0.05334830178548381,0.14059093629884123,0.0701105466891977,0.13069196249813714,0.06954072483135894,0.10137641796348122
sqH,0.06644217885453149,0.13594468044217786,0.08217425441587936,0.08422582907912832,0.12134153461705006,0.05575669233774136,0.09258919897447669,0.043207245500322386,0.1308887485421428,0.08194611264882505,0.10598941310570317
chisq,0.03233945646361638,0.13847714484851967,0.24860375495317552,0.05718945638462656,0.12417530563623468,0.04765107510154396,0.1711795547964835,0.09556276068478532,0.11790779679006758,0.06172827247921865,0.10818350402375539
robbins,0.10541874313393851,0.08670957376432589,0.10034518685237043,0.0911271659084813,0.11439170447457893,0.11656540730277287,0.10192277898905623,0.1002946748771441,0.1538622733363759,0.16057351427344743,0.18101548900012096
npmle,0.0631476421618953,0.06962810252517136,0.10483425063550826,0.08902434879828743,0.09375658659182562,0.12159201273934511,0.042361711265916056,0.08676967213834794,0.10156483580649396,0.16756861478073087,0.1583941581105005
sqH,0.07453355466900628,0.06967149240243915,0.11702341659069548,0.10788222271880976,0.10055957693901237,0.138328440511236,0.047122024062717635,0.10003808732026641,0.11757115671958279,0.08971608150855528,0.1747330811240938
chisq,0.052256463315744066,0.07853926514547957,0.09784928821333454,0.0809450193387615,0.0813459228126495,0.1140461858795961,0.03520775165769086,0.078093741980831,0.08770368062315194,0.16853030353355533,0.14577171442999973
robbins,0.07398536078668595,0.1792803450070793,0.2372326077085577,0.19885539918379966,0.283629115560215,0.1240463586990824,0.13839240161483538,0.13878024453418766,0.10302885024602948,0.07721605202344357,0.22145137568752138
npmle,0.05366721411050133,0.1547818134200208,0.14114096748559748,0.1383669889681754,0.14045912009600608,0.09535028696350695,0.12970423467134784,0.13264991560694123,0.07472380954555476,0.0576347253503237,0.21617720342379723
sqH,0.06183592420138682,0.08235316755175202,0.05393175093176324,0.14387506254064128,0.12124787775937927,0.06267735073008872,0.10312883001292328,0.1182809555151232,0.06843898422540014,0.06777459690707721,0.08535345591708944
chisq,0.06336331647032027,0.0892519054091933,0.06232231661108571,0.12198022421277119,0.11672328611246996,0.05085033299206838,0.10622268737610542,0.1213012409872903,0.05572588162461975,0.04934066738688548,0.061852780434178245
robbins,0.20071818812989295,0.13382174497590182,0.0848368834900678,0.09614245615936899,0.16082880213574835,0.15826204920964773,0.1161912606076837,0.26491841247666786,0.10598627843290122,0.14840219721809098,0.17608058117987382
npmle,0.150872980232751,0.1236801816396007,0.074043736226615,0.06260462439617538,0.1350704865244054,0.09913898415041883,0.11387975489803705,0.16506292026573507,0.10195355164188878,0.1316901723464336,0.1458905363286515
sqH,0.12830064809995684,0.08075067066992983,0.09489987145849227,0.07710682788532437,0.09991526317204676,0.09997835749167945,0.09843255619170177,0.13842700591293108,0.06953432474689347,0.11348635977535008,0.12653973712756478
chisq,0.13936057051444103,0.08779561304712882,0.05966207209039731,0.05499815008954517,0.10194087731973454,0.08111082051842482,0.10250902359773914,0.1503421795083012,0.07625848730827292,0.12610833206521951,0.13113144188709255
robbins,0.426673037016148,0.29745259438320515,0.20492284283450782,0.27723959954144634,0.2110675985549524,0.10033569717548965,0.11310073068210015,0.17005307745298537,0.14955280043035324,0.09431035136011055,0.0710037292928628
npmle,0.1335660593516824,0.09718495645696003,0.15595956474077968,0.12602995422734445,0.11560719291555926,0.08533688818187571,0.10836768900284431,0.1404038862421207,0.09242517647933067,0.07061863641199755,0.06363186542215611
sqH,0.07140152594964343,0.11768304614439884,0.10249146149492988,0.12112739282007719,0.0639858077993005,0.10167869778418602,0.11906012781373441,0.09765899854054556,0.103765114520311,0.08174586609517255,0.06131430969869605
chisq,0.1768069205201244,0.07732768335087821,0.1110806362814401,0.10229987209681905,0.04494458060668052,0.0780547311329217,0.10671107418512797,0.10025911923812894,0.0755014292939465,0.07125380362815083,0.05626081743339081
robbins,0.11659425163972865,0.11659425163972867,0.10034518685237043,0.2618943427829392,0.10198186565335637,0.1222850053055508,0.2802947267374969,0.3172636274856902,0.13168830932737388,0.10093762093312154,0.11392388278479525
npmle,0.10481374415453107,0.1048137768122777,0.10483409237505535,0.12633053002467523,0.09659561475018855,0.08220339846105862,0.10766661038496882,0.1260843503805311,0.12650713546781484,0.07354645581668422,0.1017813277425096
sqH,0.08619193671568169,0.08619192143826097,0.11702343166682354,0.15013952707941583,0.1072647511675409,0.08431722112039515,0.04865969897471814,0.14556125141477633,0.1143226678609724,0.05623583638277745,0.11263079379170397
chisq,0.0956141662599751,0.09561416557963334,0.09784928228243488,0.10836927307699255,0.10572847654668584,0.07369377881044613,0.13836351269938185,0.10508211636114047,0.12020467314271206,0.05232109250838665,0.11758584349869715
robbins,0.23714027001611623,0.12043693361160607,0.33835434829907535,0.12171283393573287,0.14886468333323571,0.11494367968480552,0.13374600638241504,0.216119842458911,0.19468145406144352,0.23651737273170068,0.10115382588244337
npmle,0.16333662615477124,0.09930979429087113,0.23385227050754587,0.11797055129363367,0.14326492911044053,0.18425573523291414,0.11794177911329999,0.15309319371140306,0.07091455500740448,0.12624679056102356,0.0975628961215475
sqH,0.11594063002035561,0.10555401374508427,0.23821024625890394,0.11401916422622271,0.14291460625575209,0.08055416163161701,0.13307180472211566,0.1307283445600609,0.06274473993176483,0.13463560413902484,0.09982445480499604
chisq,0.12610025201183347,0.09160182060979828,0.22323333523007707,0.1163599713205705,0.14934809199874963,0.17628402205017937,0.10609024072187186,0.13302535533560358,0.08369802770234466,0.10533244262184602,0.10185677636234587
robbins,0.1744871397767289,0.38851795777791265,0.17680225345130562,0.04037482863958461,0.16285342837247943,0.07751525618815296,0.2005247645480439,0.29345170145768085,0.10445947977320669,0.12143073440864642,0.12310866393574785
npmle,0.14613831082325146,0.2003160764940598,0.11688854944186647,0.028221949825347238,0.13882569881257747,0.050091787228697705,0.08752389591373795,0.10480424306119569,0.09704510528907542,0.11395659966388973,0.11952365526254959
sqH,0.08980292113540841,0.10660968897233353,0.12421869326017104,0.03683179368909922,0.11276499753089979,0.050249318501960766,0.10092311599267345,0.11733653071627732,0.1144833291303221,0.11817731640180192,0.11611158720684292
chisq,0.09713360480432691,0.06355403004717179,0.1086601042569976,0.02356165897097543,0.11506922045311072,0.043708587472861,0.06821853490145274,0.0838685949194953,0.089723172481786,0.10517788437218191,0.12115893636056868
robbins,0.39666130168330666,0.19032674103108718,0.1744871397767289,0.05766313721082706,0.1201108738717095,0.11329531617330744,0.07727493777451552,0.14057157325539152,0.11081958614755277,0.15110652332500635,0.15550817543139905
npmle,0.20443958351595523,0.14710005572608437,0.14613873439951877,0.045916079461833466,0.11703106650490473,0.07312399212462165,0.08096551264431373,0.13662652839311915,0.1163518555193431,0.14257788692102272,0.10340438823259533
sqH,0.1448343189519442,0.12324105639052883,0.08980292262709431,0.05914944189267907,0.10184460280417966,0.08359546834083662,0.09178207745867983,0.1427400465338895,0.0778114132353895,0.12767046145250013,0.0692488196208287
chisq,0.18485513754983432,0.1340392473468615,0.09713359541265948,0.038721152850615836,0.10526559045030941,0.06015167890561165,0.06342034239414937,0.14603576140837796,0.04352203242043334,0.134107864164321,0.03845553527262929
robbins,0.2535295799888874,0.13671939735023672,0.6976923723473485,0.09174413232764163,0.14310133406500933,0.13058795086898256,0.12330540336833705,0.11031302726936508,0.16614952568042715,0.0981901803566435,0.06493743908234197
npmle,0.09545960169790209,0.11956023713187042,0.03218881722748417,0.09342915935056377,0.1308919923972118,0.10820109465156438,0.11826138641204946,0.10850676358019569,0.14782745486460316,0.0982761086153943,0.049836584781277685
sqH,0.11010662287598393,0.12117968496702192,0.016854892253299045,0.11497583770454323,0.10336301874060057,0.11173433216259923,0.1136799017602131,0.08945119979494165,0.1332192585510276,0.11035436374283618,0.05136170542083743
chisq,0.0728385573732521,0.09089795050827781,0.07578278131443439,0.0776133298267318,0.10575197206641515,0.10143145531623686,0.11953238733868364,0.0931535631805561,0.1385333894646433,0.10091587833239593,0.04691255753118462
robbins,0.19763064512244885,0.059064773366639,0.1455589122922747,0.1453545896803368,0.11376528409818294,0.11691454555310668,0.09133370061315428,0.18794222818576978,0.12270038314236088,0.15121112903469058,0.13844360227213887
npmle,0.23670604872382942,0.048397760625534046,0.12928031158693906,0.07142964741182554,0.06992070248395606,0.11368066824092608,0.07298859821995776,0.11726962000999677,0.10876903862285824,0.08715850944984327,0.13147956432787833
sqH,0.08499889825062526,0.059256190151914676,0.11105170287454857,0.08552591218782818,0.08203111775858021,0.10643481090775972,0.08508780608799048,0.06518566621232817,0.11333497098702909,0.07019871521197212,0.11880622307233873
chisq,0.3368535377181036,0.04301313793745175,0.12338417731269288,0.0588294382724001,0.058355653398640905,0.11120627127325373,0.06409139996510706,0.08848177984162081,0.09565699911420233,0.08593777817216394,0.12553678892103945
robbins,0.20071818812989295,0.14325341398952177,0.03732646940161577,0.1587956500364486,0.12235923120783192,0.10945022143720523,0.08506397405580475,0.09624078466571621,0.09892143507280951,0.21889912386189672,0.04864383047603842
npmle,0.15087302774425015,0.12582747212317755,0.03527382992745029,0.13452949380813947,0.06085068410066694,0.04080357414745036,0.06614612045075124,0.06646773586555137,0.08003617152669407,0.10321872147115477,0.042169014799655125
sqH,0.12830062346470977,0.1323242917207593,0.043242205746130614,0.10771882816965565,0.07135700721275501,0.04679256285995338,0.0662492332007087,0.06460120040622111,0.07777862229905318,0.12306064937640991,0.044754802678901924
chisq,0.1393605206597876,0.11280167600549725,0.02974248420613204,0.11784070263745075,0.04801839824732068,0.03473324870077805,0.058431226083397014,0.05538708947406967,0.0678058839220041,0.0869363542840035,0.040267737352395035
robbins,0.14577522241834534,0.13382174497590182,0.10541874313393848,0.09310483810375193,0.10198186565335639,0.15377402401710794,0.11756104258423625,0.13534774722467557,0.10573717766989763,0.0391519417452839,0.11920625498049574
npmle,0.1334793834851107,0.12367980544630193,0.06314764094483943,0.08817311909565087,0.09659561477721165,0.10534104532843987,0.11564358649012833,0.10445773241965763,0.08009764812625532,0.014733629120176965,0.048902233491716074
sqH,0.07782067862861448,0.0807506661970923,0.07453355668114874,0.08801917446255274,0.10726475632135314,0.08559220969413947,0.09290489422724336,0.11081200582654384,0.080594560539783,0.01493336279939437,0.02533777508772903
chisq,0.08416990118826748,0.08779561517388962,0.05225646341700709,0.08238157444035568,0.10572848052755847,0.06628270058723211,0.09619802840662799,0.08921871043687774,0.07309419958394724,0.014400504578896108,0.07925542304831659
robbins,0.2245596888969204,0.07004777049015715,0.18560811420876117,0.1810840496174414,0.2392514504623648,0.13672560715606308,0.14128097260856703,0.15048244020197798,0.16610006642492994,0.10021308207124308,0.09332918192261117
npmle,0.0772213848081353,0.040417281137036444,0.14392780526563403,0.16619320101004723,0.14575476506619978,0.10960571721899173,0.12942504768577373,0.08144812233422892,0.14381030624133023,0.08478185237596889,0.08759831572921525
sqH,0.08779065051172179,0.05213809527824125,0.10811409887740392,0.15822143159711313,0.13087623855315741,0.11569596705127427,0.09728688504347394,0.06099102135161359,0.12522787951138303,0.09076163770245795,0.08752574426489393
chisq,0.05526618519114541,0.03540999321405921,0.11709212888786531,0.16222760541655962,0.12583583484599506,0.1254041761955475,0.09988004443192292,0.09407242052816421,0.12768792884799637,0.08147643476314861,0.08207629278429195
robbins,0.49073260000407337,0.13340444606803017,0.31686544356890284,0.18230783625188163,0.08696309617833137,0.06449451249621535,0.12414808302701222,0.08176933818920662,0.19949327568204375,0.0741180789471599,0.06622582452223756
npmle,0.24305474967713017,0.12246789815628667,0.1341110282378659,0.12432410639350562,0.07170871286187283,0.046353621833479366,0.06312359882405306,0.05883070525888101,0.14969302258216868,0.08095323431696097,0.046256566119039645
sqH,0.11026098072869958,0.09492585944808253,0.14331542618307702,0.09113006601797904,0.0875895268237104,0.05819193080998943,0.06904703588574596,0.07136132009047715,0.12646829976868293,0.0935816132824372,0.06122385624609708
chisq,0.20444421653746667,0.10460274062122799,0.11284922779666379,0.07546382929166841,0.0649283093859974,0.04085372652730891,0.054037160497135285,0.05148297106079618,0.12864215425216824,0.07247821824773766,0.034883015226802386
robbins,0.6359496983345722,0.053582729954302716,0.31050737407946377,0.12499739042865858,0.21256504007004187,0.1320775508488083,0.140160391692386,0.2031794638944593,0.1904115289920583,0.06031437421284037,0.12080917830228832
npmle,0.06353918809415958,0.023138239675658423,0.22511322965308098,0.11934015693303332,0.15284570844445458,0.10036948713541112,0.10485490805641635,0.16832701279314236,0.15355346046962481,0.06102978104015294,0.10630623807053043
sqH,0.0451436369268539,0.030276478262000115,0.10084531146449467,0.10453212310138112,0.11548010551633392,0.07004457695566316,0.08520378989554406,0.07910874610895739,0.07617009911832331,0.07329082263708389,0.10532617957729512
chisq,0.06678450547135877,0.020343486786782897,0.0939774384952478,0.10764389111723724,0.12499960816522394,0.05911064470213949,0.049516569389255576,0.07907826964440647,0.0806091198035998,0.054017643076297486,0.09453965263789244
robbins,0.3168654435689028,0.21658954152017879,0.11319423496245648,0.07750208124977552,0.4384356474397863,0.06857358788171249,0.20810116304932705,0.13305408512229705,0.07931640385654656,0.08826073522710019,0.1322733093228214
npmle,0.13411102075397596,0.10609550534599559,0.11411494109874035,0.08445782017374485,0.11131360254110141,0.046915036445196956,0.11524819246103235,0.10475973325041046,0.08714701951019632,0.07371848710604925,0.12742404524985168
sqH,0.14331551938467504,0.12676312469700388,0.12522034947046726,0.09962127598333766,0.0777059073149282,0.05045808702700312,0.0766391833949615,0.11993639412680464,0.1000313572541215,0.08115320348232243,0.10425441973556175
chisq,0.11284923361428272,0.09055198667314969,0.11057048126613958,0.07408764558275667,0.13988234151595236,0.04456692802880095,0.051002200450913804,0.09251829455568601,0.0781786454989467,0.06214087777520645,0.10907744183984763
robbins,0.09354814827383516,0.08913927697021594,0.13565797247140268,0.10794748986750514,0.16125030053798292,0.07364160547710615,0.11427225927467141,0.06389002775147587,0.21563838723830325,0.15934809811498243,0.08425225961889031
npmle,0.09287896613210933,0.07612162405283085,0.1191036053360363,0.16168989744338905,0.04109122905855413,0.0604068148654147,0.10853560159083533,0.06099192231061582,0.12625751334711605,0.13681586104551416,0.07435089984712163
sqH,0.05579518243882365,0.08931829742636188,0.10852653855882329,0.06715804902252705,0.021546656821884776,0.07398748540138463,0.11305219185425006,0.07501919377797987,0.10862054314013399,0.10975951544166897,0.08794041708284298
chisq,0.0608390067329646,0.06882663070988371,0.10401531698665618,0.14854423736411854,0.05139884537799799,0.05422012723214729,0.10254768354821256,0.041719360067470554,0.10278452154337846,0.11193992333049191,0.08233504571826243
robbins,0.1667653258165201,0.055981478700600204,0.1575233777089038,0.09125704843671097,0.15515622924257652,0.1216529262898106,0.13389297036224576,0.1033202853561664,0.090095826771758,0.1452052575055149,0.1322733093228214
npmle,0.12385551550359838,0.04790996316089098,0.14933607055707782,0.03980579065835297,0.13802790805381537,0.07508266749657884,0.06939760896441526,0.09332153912401803,0.061964726512111754,0.07782419559165239,0.12742411167262072
sqH,0.05918038443831304,0.06112240404524352,0.1368584471626074,0.05523942342332223,0.08173932339384384,0.0750399753334507,0.07848085196182905,0.10892715340982069,0.06673518079631231,0.0888249166571138,0.10425440730002598
chisq,0.06701941165131237,0.03995645216604126,0.13880049555144325,0.026727926616921374,0.08838571142522968,0.06019850960644141,0.06139231657667644,0.08621492255918535,0.04772447806874437,0.06185356358173598,0.10907745793326405
robbins,0.136909538385594,0.07342712950436817,0.1714997071340743,0.09627620256517942,0.12166680819738988,0.1743298104183389,0.1875495474696499,0.2115695814171725,0.16206581695576694,0.1046910574480289,0.1466340214569296
npmle,0.052192491695043655,0.06144703157399501,0.16701997770454305,0.0877749033396516,0.13093284157775784,0.07600188943788037,0.07548610080169003,0.15384501205313705,0.10414941702896,0.08386843230085766,0.09953412176996483
sqH,0.07421718362433469,0.07385244339687858,0.16022009784069155,0.06864591311486791,0.1372905983563055,0.03015073831908284,0.07958620348926565,0.11572518944297343,0.09892781403875674,0.08149183156902162,0.1128267494377322
chisq,0.028693019043352287,0.05551571377469294,0.16462548399506358,0.0760033114408593,0.12296124490699584,0.09643075795061011,0.0505350191025733,0.11923941592527645,0.07793463382116368,0.07248925967307723,0.08438764068727744
robbins,0.3141747978013297,0.1131813637626339,0.5106267015641478,0.07750208124977552,0.16098870563422374,0.07336506414802611,0.11697061734801953,0.1626622942497629,0.13519999383333647,0.1906383474171426,0.05680619985733595
npmle,0.15210698814433662,0.07449477942851301,0.17828387658535155,0.08445786496878635,0.12827395790308985,0.07917204700182784,0.10858365731810334,0.06667576516050355,0.1264119622763175,0.11659554458544505,0.04084643607528378
sqH,0.07589943888333227,0.098898948730438,0.11441418703445368,0.09962124922823361,0.12879720839572315,0.0906123370683327,0.10718455470297668,0.03681415188090703,0.09107964553500275,0.08530877989057671,0.043798772509899546
chisq,0.09194252478939861,0.060873651981225844,0.07621381354153266,0.07408765708934487,0.1131306904943224,0.06390101617090975,0.0980934133358138,0.06551350650560753,0.0938992183780004,0.05973490934169666,0.037373969401619016
robbins,0.19086868887571828,0.10163170020506666,0.25394445762184525,0.10010610146827717,0.14905273555131476,0.23536314300643904,0.1183796416380725,0.28798840799013153,0.12171283393573293,0.07230083447362722,0.16403110453301323
npmle,0.06481058889929893,0.09968613813371552,0.1663229383173726,0.07612200277723304,0.0867694074174733,0.14705462721270562,0.11058855423889029,0.1592660070162218,0.11797055142340095,0.04825839927618077,0.13587106311842614
sqH,0.08119958390641865,0.1164206062308204,0.12296010654539977,0.08659435005417183,0.08915609649704483,0.09210550589405386,0.115824694039899,0.11771070836423735,0.1140191684991221,0.050658529631383904,0.13677784347244515
chisq,0.05623994781770618,0.09259175400471104,0.13404340905118312,0.07827662962066705,0.0662358106138718,0.09578109663823267,0.12301555418051052,0.1221976655887591,0.11635997127993704,0.02890714249513066,0.12115073297304567
robbins,0.2243292158048842,0.2124653698140296,0.15436573459826256,0.10328082296038957,0.16082880213574835,0.20607336433502016,0.44565352187657126,0.1254033477212959,0.15838555866932905,0.11866650862878123,0.1352053401971036
npmle,0.24457441086081494,0.09890383996633724,0.1134214919475996,0.08080239956511152,0.13507060157776724,0.15409434091062227,0.16131269522069744,0.11527999762011502,0.11374161408808307,0.10867524270260338,0.0876651776951002
sqH,0.03569098845308732,0.090167450398897,0.09675059900444304,0.09207991950909969,0.09991527962440419,0.13494281104160535,0.1248574361379282,0.12147240013903621,0.1313416919509599,0.11102980735783505,0.09042853127447553
chisq,0.030611332507162876,0.07174116546472657,0.0929550708794741,0.069371588252618,0.10194089523772618,0.13775190711872465,0.08024339748874994,0.1295685465359248,0.10040388447990145,0.09771742125285275,0.07559135256917986
robbins,0.6926266760714913,0.19159999884454842,0.12909485927657907,0.1792319334643548,0.040068270512220276,0.11759005198119167,0.18592578328574064,0.15282285866585976,0.08351928355306702,0.07481034057874364,0.16529363054492616
npmle,0.06349329685886505,0.14686549518781167,0.11914850292245532,0.09681638210385338,0.027645582312857523,0.11518560166212503,0.11282392162915096,0.12725074271793463,0.0688714193814121,0.07104947055743668,0.14167700069283903
sqH,0.0831809615720916,0.10627982949888609,0.09271145837229619,0.11451919426505827,0.03696787598463532,0.09989967150034859,0.08296700109765365,0.061858550079392796,0.06761228205770016,0.08197438995097031,0.12331206087794837
chisq,0.042243015561869324,0.11500947556648242,0.10232163240604361,0.0822939532282442,0.02192576322479061,0.10366130518801497,0.11874288888855883,0.05639995743927345,0.05977005137143519,0.07239542834697894,0.12576437781663358
robbins,0.2499055059457807,0.12043693361160607,0.17494192360626692,0.2627331695978408,0.10163170020506666,0.10196539132049921,0.16529363054492613,0.7358587030150519,0.0970670964670636,0.040325383852359765,0.13309642865398674
npmle,0.13193620267251138,0.0993098219074469,0.07171522869631076,0.055932300878085844,0.09968608377343922,0.10653995728788439,0.14167696281934497,0.060601906560370775,0.07272291120184325,0.034889228307550334,0.11736485132902452
sqH,0.05986592594611568,0.10555402741392245,0.06119192477639457,0.07035286194665305,0.1164206092163074,0.12392846800590156,0.12331205887952487,0.07035615585868105,0.07429469154306512,0.034754880804936376,0.11883315684426203
chisq,0.06097990863517201,0.09160182681323496,0.04249057081466355,0.041038971061735305,0.0925917549379747,0.09894508605125603,0.12576433756530753,0.056604251861168395,0.06817725827571984,0.03220156949035362,0.11167621086650006
robbins,0.13690953838559397,0.14486858372667083,0.0412101707882249,0.2448571650027406,0.1156265020175348,0.0919760186304529,0.17311614192434974,0.11045785766861561,0.10871866007088275,0.16054858871110303,0.17731410894905322
npmle,0.05219256605245387,0.10219696965327207,0.011162589627766822,0.1322480062939302,0.10907217449093434,0.08260512361194225,0.15604447003305563,0.09211340086586843,0.09873005482442142,0.12039167062013788,0.15367392519387688
sqH,0.07421718688087049,0.10555677042131949,0.010279962247311402,0.14472940454619038,0.0794309599395396,0.09898264996520001,0.14525965150505735,0.10242951786485609,0.11199205226188634,0.12690342391930393,0.14110638149978486
chisq,0.028693019025532455,0.08494089010535823,0.014262447716176135,0.11762724632526406,0.08737683768235924,0.07561439737622935,0.14826730068919516,0.07934849422172997,0.0902986909019578,0.10484930443879895,0.1444126596912324
robbins,0.20071818812989295,0.17400539403298376,0.13487494742015868,0.08638999195781047,0.1468990687929261,0.09209036566138468,0.1095920702645898,0.08031551640754704,0.2522801640214856,0.12713527441021003,0.09582994612945787
npmle,0.15087296856482726,0.026410064997683922,0.030562473195516197,0.06061779336616667,0.07421113076835134,0.08008243154685404,0.10707988601436685,0.07809776180421775,0.17679568829998965,0.10928068231249184,0.08382993727032859
sqH,0.1283005885789227,0.024449931046956516,0.0298605122876919,0.07370393378834152,0.08977712326914022,0.09100180194495372,0.09497675504412939,0.09063721413972098,0.12238796441126981,0.10901467604380648,0.08155828954036727
chisq,0.13936052462484136,0.01968709596502048,0.03270134675704683,0.07006078865188127,0.06270304712402107,0.07105730143095472,0.0991788755850675,0.07553228385823571,0.16542610809715602,0.09751998178702918,0.0744765787041012
robbins,0.15973736569671293,0.17031091191633027,0.1216069896698808,0.2955284101379953,0.059064773366638984,0.15452456170890913,0.264065744483904,0.1824694309526833,0.16946524910237445,0.10604708476937183,0.0768665975232196
npmle,0.10607767109053076,0.13935755722135773,0.10796940222201065,0.14528768611230494,0.048397749383121844,0.14738478610001268,0.15252793713166796,0.12576425234915556,0.14214162431340654,0.10258226496182615,0.057653151782138846
sqH,0.12273911700659657,0.11342448112724372,0.10144055377800054,0.11554468099096335,0.05925618274290642,0.17004993658515774,0.10420060318233389,0.09511507635640412,0.11991574758347955,0.09945524239286553,0.057429627911005546
chisq,0.09200527727554432,0.1237724225655019,0.09337565673326712,0.08421715374441692,0.04301313844918314,0.1385801770272698,0.0720535584729085,0.07110214265675892,0.1221259901548645,0.10120808696323634,0.0521613175305098
robbins,0.12780691266821903,0.18628330424319733,0.06612737151361557,0.09981622254310733,0.17427504445211753,0.12550200899009264,0.16807342270732215,0.0705042915259923,0.16891852398915683,0.06067806059787345,0.1086013975571612
npmle,0.10066232535899237,0.034219057865320104,0.05718392741527337,0.06682169422809565,0.12325328681275018,0.11007686825721062,0.08443952670505617,0.06614035842530758,0.13016538791695842,0.04546363896230568,0.1062567030066294
sqH,0.10799066142872302,0.0379125342003169,0.07315684932498097,0.0693755149657741,0.12001660086598691,0.09604391347459852,0.09770126765622918,0.07930188160913287,0.12133939862020642,0.04929692791343421,0.11841884688864103
chisq,0.11628840443311611,0.03395172878238952,0.045603361474832786,0.06081667058018245,0.10548105175291166,0.10697382051967248,0.0678712911549876,0.05989459891228259,0.11332422165200308,0.04324420682946228,0.10389262130570069
robbins,0.23343108096486176,0.07398536078668595,0.6091905669249632,0.09567995780169448,0.17630465685580177,0.12701775780942345,0.07613969808574167,0.07136664413891927,0.14914180553625095,0.09800247136047266,0.1017255336738823
npmle,0.16214434848061907,0.05366721919593147,0.053146870058768655,0.02695044930101292,0.09149396313447578,0.09974248647758113,0.07783232725367492,0.03808683683616397,0.12299714912221142,0.07203182383594565,0.088134142690562
sqH,0.14411791989652498,0.061835924045087746,0.060393612052165604,0.03573738132508636,0.09439367568717716,0.10237445575153294,0.09069942821562198,0.03754142311229248,0.07932093792419857,0.08300884409264848,0.10140533794498954
chisq,0.156132961684951,0.06336331548823508,0.05404451205009824,0.02389046723099408,0.07261184062499498,0.09114484361720106,0.07139050247995682,0.044270348596819165,0.08106002919011814,0.08413022576899232,0.07927401662629883
